{"Energy":{"per":12.103520845380341,"pbv":1.0799796353471707,"evEbit":10.637056632599114,"ps":1.080966842064578,"sampleSize":87},"Consumer Non-Cyclicals":{"per":12.085010157578843,"pbv":1.6701776910663344,"evEbit":9.533898305084746,"ps":0.9199427377184797,"sampleSize":126},"Consumer Cyclicals":{"per":12.7330072260222,"pbv":1.1108725295481534,"evEbit":10.286842922101537,"ps":0.9800669009447421,"sampleSize":147},"Financials":{"per":12.355391388019342,"pbv":0.8504221683104373,"evEbit":11.09355992258233,"ps":1.9886401381880092,"sampleSize":105},"Infrastructures":{"per":16.88508969093706,"pbv":1.2682909911570712,"evEbit":12.068010126473586,"ps":1.6849607368958983,"sampleSize":61},"Properties & Real Estate":{"per":17.267351614791732,"pbv":0.7522352228505719,"evEbit":15.523699798560767,"ps":4.323126114598625,"sampleSize":89},"Basic Materials":{"per":12.935604916350535,"pbv":1.1801227919593038,"evEbit":11.400214745858033,"ps":0.8580846161141054,"sampleSize":108},"Transportation & Logistic":{"per":14.130786684754716,"pbv":1.0112514214211354,"evEbit":12.630728457893468,"ps":0.8916141341417785,"sampleSize":38},"Industrials":{"per":11.635335829438553,"pbv":1.1935597924523562,"evEbit":8.254153470433787,"ps":0.674387663588323,"sampleSize":61},"Delisted":{"per":11.075039339653307,"pbv":0.9454123646690945,"evEbit":8.820482269263406,"ps":1.6379157299136677,"sampleSize":26},"Technology":{"per":15.434744491303409,"pbv":1.808884192825996,"evEbit":10.537725789533521,"ps":1.9400166430243764,"sampleSize":43},"Healthcare":{"per":14.89550683375666,"pbv":1.5725798910740425,"evEbit":13.9060808147862,"ps":1.4550248499879583,"sampleSize":36}}